HBr_CaC03_mass_(g) ,Calciner temp [°C],Calciner Heater kW,Calciner Pressure ( Pa ),Calciner  velocity (m/s),Calciner O2 in(%vol),Calciner N2 in(%vol),Calciner top temp ( °C ),Calciner O2 out(%),Calciner H2O out(%),Calciner CO out(ppm),Calciner CH4 out(ppm),Run status,Carbonator bottom temp ( C),Carbonator mid temp ( C),Carbonator press (pa),Carbonator velocity (m/s),Carbonator inlet CO2 (%vol),Carbonator inlet N2 (%vol),Carbonator outlet CO2 (%vol),Carbonator top temp ( C),rank
4200,632.75,7.8,3216,0.32,40,60,450.68,4.0784144,0.012741417,38.097718,0.23719944,0,446.905,560.105,2680,2.5,0,100,0.0714,529.81,1
4200,634.72,7.8,3190.5,0.32,40,60,451.165,12.279849,0.039626833,27.277778,0.089655223,0,446.2,558.915,2905.5,2.5,0,100,-0.1666,529.27,1
4200,636.5,7.8,3191.5,0.32,40,60,451.365,13.95611,0.013136714,5.5682233,0.000347759,0,445.035,558.565,2912.5,2.5,0,100,-0.2023,529.06,1
4200,638.22,7.8,3193.5,0.32,40,60,453.255,14.168164,0.000762729,2.5084839,0,0,443.9,558.425,2925.5,2.5,0,100,-0.2142,529.13,1
4200,640.87,7.8,3208,0.32,40,60,459.9,12.4632965,0,271.9828377,663.688983,0,443.175,558.24,2942,2.5,0,100,-0.2142,529.07,1
4200,646.25,7.8,3230,0.32,40,60,479.795,9.8933553,0,1399.1962,2604.3811,0,442.21,557.575,2969,2.5,0,100,-0.2142,528.405,1
4200,661.58,7.8,3224.5,0.32,40,60,507.225,6.6435854,0,2357.6803,3807.491,0,440.94,556.34,3002,2.5,0,100,-0.2142,527.465,1
4200,688.88,7.8,3225.5,0.32,40,60,518.01,2.636234,2.26829635,3692.5152,3617.5365,0,439.715,555.495,3018.5,2.5,0,100,-0.0357,526.99,1
4904,711.1,7.8,3208.5,0.32,40,60,523.815,1.629551,8.7391848,4853.0968,3120.5966,0,439.19,555.355,3033.5,2.5,0,100,-0.0238,526.97,1
4904,729.73,7.8,3194,0.32,40,60,531.55,1.60581335,10.4206535,5166.64225,2449.7166,0,438.915,555.325,3054,2.5,0,100,0.0238,526.93,1
4904,744.85,7.8,3193.5,0.32,40,60,537.24,1.2185253,10.84556,5386.5066,2116.3878,0,438.825,555.6,3066.5,2.5,0,100,-0.0595,527.385,1
4904,757.31,7.8,3174.5,0.32,40,60,541.515,1.7329418,10.945602,5354.5616,1946.2791,0,438.53,555.92,3076.5,2.5,0,100,0.0119,527.49,1
4904,768.16,7.8,3151,0.32,40,60,545.475,2.3473242,10.8065205,4542.8906,1657.6141,0,437.51,554.98,3089.5,2.5,0,100,0.0476,526.44,2
4904,768.88,7.8,3324.5,0.32,40,60,547.87,2.4421401,10.657503,3601.1934,1313.6571,0,435.74,553.51,3074.5,2.5,0,100,0.0238,525.78,2
4904,749.56,7.8,3366,0.32,40,60,554.6,2.5496954,10.745713,3627.5111,1508.1605,0,435.535,552.455,3072,2.5,0,100,-0.0595,526.145,2
4904,766.23,7.8,3340.5,0.32,40,60,556.545,2.7771361,10.763239,3689.56945,1577.2168,0,434.945,550.885,3092,2.5,0,100,-0.1309,525.885,2
4904,779.34,7.8,3408.5,0.32,40,60,566.675,2.7668523,10.592379,3531.2979,1264.0081,0,433.855,549.655,3124,2.5,0,100,-0.1071,526.77,2
4904,787.2,7.8,3378,0.32,40,60,569.68,3.056147,10.502114,3372.5408,1070.3607,0,433.335,548.895,3147,2.5,0,100,-0.1666,528.33,2
5597,793.29,7.8,3401.5,0.32,40,60,571.9,3.24038105,10.4216055,3076.1496,917.802005,0,434.97,548.86,3177.5,2.5,0,100,-0.1309,528.205,2
5597,758.76,7.8,3674,0.32,40,60,575.105,3.2713134,10.458329,2990.8274,896.6817,0,430.45,546.505,3128,2.5,0,100,-0.0714,529.525,2
5597,754.1,7.8,3622.5,0.32,40,60,575.325,3.48683105,10.7512165,3473.88145,1290.44555,0,429.815,557.49,3192.5,2.5,0,100,-0.1071,538.565,2
5597,768.71,7.8,3587.5,0.32,40,60,579.915,3.5297436,10.831934,3943.1545,1502.6608,0,432.72,568.605,3260,2.5,0,100,-0.1309,545.385,2
5597,777.02,7.8,3572.5,0.32,40,60,581.48,3.4685622,10.727481,4049.7462,1376.9291,0,434.38,572.52,3306.5,2.5,0,100,-0.0952,548.88,2
5597,782.83,7.8,3526,0.32,40,60,580.865,3.4875143,10.678031,4020.19885,1257.30345,0,434.82,573.585,3359.5,2.5,0,100,-0.1071,551.41,2
5597,788.05,7.8,3490.5,0.32,40,60,584.04,3.5297436,10.541056,3765.6444,1148.7318,0,433.93,571.91,3408,2.5,0,100,-0.1309,550.58,2
7034,790.77,7.8,3641,0.32,40,60,592.535,3.49525985,10.4518815,3411.5939,1025.66165,0,435.415,571.22,3474,2.5,0,100,-0.1071,549.4,2
7034,726.49,7.8,4015,0.32,40,60,582.275,3.5258099,10.580276,3666.3725,1629.4925,0,452.315,567.445,3606.5,2.5,0,100,-0.1309,555.505,2
7034,700.19,7.8,3911,0.32,40,60,568.34,2.6598643,6.9831387,4317.113,2304.0163,0,473.365,567.895,3806,2.5,0,100,-0.2142,561.14,1
7034,707.64,7.8,3862.5,0.32,40,60,556.915,5.3781431,0.08965101,4649.4206,2655.7114,0,479.565,569.39,3822.5,2.5,0,100,-0.2975,562.555,1
7034,707.9,7.8,3874,0.32,40,60,552.12,9.3054222,0,3560.4976,2826.8785,0,480.405,569.59,3783.5,2.5,0,100,-0.3451,562.16,1
7034,705.15,7.8,3855.5,0.32,40,60,546.55,11.797853,0,2175.7765,3561.5724,0,481.315,570.12,3777.5,2.5,0,100,-0.3094,562.275,1
7034,699.41,7.8,3864.5,0.32,40,60,541.78,14.267238,0,966.82101,2783.0653,0,481.975,570.595,3762,2.5,0,100,-0.3094,562.7,1
7034,694.61,0,3885,0,0,0,540.005,14.629652,0.96297734,294.10688,1526.9448,0,481.665,571.84,3729,2.5,0,100,-0.2618,562.745,1
7034,690.4,0,3889,0,0,0,535.655,14.719942,0.65384361,59.5865895,255.809875,0,479.705,572.955,3705.5,2.5,0,100,-0.238,561.84,1
7034,687.49,0,3868,0,0,0,534.725,14.662532,0.21535345,10.621038,40.881635,0,482.49,571.475,3753.5,2.5,0,100,-0.2023,563.025,1
7034,685.84,0,3915.5,0,0,0,533.735,14.597247,0.11235185,4.3472604,13.506299,0,485.505,574.065,3658,2.5,0,100,-0.2142,563.76,1
7034,685.74,0,3915,0,0,0,533.485,6.66694695,0.015640974,2.01102035,4.66407145,0,486.945,573.725,3676.5,2.5,0,100,-0.0595,563.44,1
7034,685.97,0,3889.5,0,0,0,531.27,1.6259313,0,1.464474,3.6933996,0,491.245,573.915,3722.5,2.5,0,100,0.1309,565.065,1
7034,685.3,0,3895.5,0,0,0,530.21,0.53017053,0.015764117,1.08582019,3.9981406,0,493.27,575.04,3730.5,2.5,0,100,0.2023,565.465,1
7034,684.74,0,4017.5,0,0,0,530.455,0.28793128,0.018732648,0.78790155,3.8871547,0,495.83,575.89,3457.5,2.5,0,100,0.1785,566.85,1
7034,684.6,0,3274,0,0,0,502.55,0.21354987,0,0.68324449,3.7418505,0,498.655,579.42,1631,2.5,0,100,0.1904,557.47,1
7034,685.78,0,3129.5,0,0,0,486.225,0.43776855,0.038243293,1.04863395,5.2532673,0,491.23,579.955,1631.5,2.5,0,100,0.2975,554.925,1
7034,687.31,0,3123,0,0,0,485.695,0.40057632,0.10478443,1.2858138,5.8530555,0,487.98,581.465,1626.5,2.5,0,100,0.3094,555.865,1
7034,688.82,0,3126.5,0,0,0,481.295,0.53206491,0.1074588,2.031987,6.3339053,0,485.595,582.535,1628,2.5,0,100,0.1785,556.695,1
7034,690.44,0,3122.5,0,0,0,478.815,0.66227994,0.10017921,3.2278564,8.6181797,0,483.71,583.455,1623.5,2.5,0,100,0.5117,557.42,1
7034,691.74,0,3121,0,0,0,479.46,0.65345301,0.12430979,3.5152878,9.2670103,0,481.96,584.53,1628,2.5,0,100,0.4998,558.22,1
7034,693.01,0,3119.5,0,0,0,479.535,0.697160745,0.074709421,3.28891675,8.7985933,0,480.795,584.8,1629.5,2.5,0,100,0.595,558.56,1
7034,694.3,0,3123.5,0,0,0,482.555,0.963903,0.049030329,2.9158435,7.5829596,0,479.66,585.06,1627.5,2.5,0,100,0.6188,558.915,1
7034,695.55,0,3118.5,0,0,0,486.47,0.73940264,0.056510645,2.4557559,6.2770545,0,478.605,585.38,1625.5,2.5,0,100,0.595,559.195,1
7034,696.78,0,3120.5,0,0,0,483.34,0.62701023,0.070979788,1.9400665,5.2370055,0,477.66,585.41,1626,2.5,0,100,0.595,559.33,1
7034,697.93,0,3121,0,0,0,481.635,0.70195305,0.065118617,1.5983031,4.7290291,0,476.71,585.275,1625.5,2.5,0,100,0.595,559.39,1
7034,699.04,0,3117.5,0,0,0,475.26,0.71833833,0.062792646,1.28877455,4.19839765,0,475.64,585.32,1624,2.5,0,100,0.5593,559.515,1
7034,700.22,0,3121,0,0,0,483.765,0.77427228,0.046160836,1.171501,3.8239394,0,474.82,584.775,1621.5,2.5,0,100,0.5474,559.315,1
7034,701.19,0,3118,0,0,0,477.765,0.73940822,0.028913341,1.1742354,3.5920005,0,474.065,584.67,1620.5,2.5,0,100,0.3213,559.375,1
7034,702.11,0,3121,0,0,0,478.285,0.701211885,0.084200222,1.1986749,5.640635,0,473.25,584.29,1620.5,2.5,0,100,0.2856,559.2,1
7034,703.08,0,3119,0,0,0,475.075,0.84887726,0.092425484,1.3053617,6.7503977,0,472.72,583.825,1621,2.5,0,100,0.4998,559.05,1
7034,703.93,0,3116,0,0,0,478.08,0.71789871,0.051686404,1.15632175,5.17103065,0,471.815,583.565,1622,2.5,0,100,0.3689,559.055,1
7034,704.7,0,3113.5,0,0,0,481.015,0.66301555,0.065131249,0.98317847,4.3908831,0,471.305,583.14,1620.5,2.5,0,100,0.2618,558.9,1
7034,705.39,0,3114,0,0,0,479.965,0.69962184,0.040345369,0.97821076,4.0964587,0,470.77,582.945,1619.5,2.5,0,100,0.4403,558.885,1
7034,706.27,0,3111,0,0,0,478.27,0.71988282,0.044330939,0.974843395,3.8371268,0,470.245,582.46,1618.5,2.5,0,100,0.4046,558.685,1
7034,707.07,0,3110.5,0,0,0,473.86,0.69962184,0.06775918,0.65244452,3.6445591,0,469.865,582.2,1615,2.5,0,100,0.4641,558.625,1
7034,707.9,0,3111,0,0,0,471.885,0.60661367,0.092909694,0.271320765,3.4941304,0,469.475,581.89,1616,2.5,0,100,0.4046,558.615,1
7034,708.48,0,3107,0,0,0,474.81,0.81157984,0.060536295,0.41696122,3.4005123,0,469.16,581.805,1614,2.5,0,100,0.4403,558.74,1
7034,709.09,0,3111,0,0,0,475.53,0.77255237,0.036440076,0.46426018,3.3771912,0,468.815,581.95,1612.5,2.5,0,100,0.2499,558.95,1
7034,709.74,0,3421,0,0,0,487.68,0.588447285,0.056227071,2.625036095,89.78206065,0,468.68,581.66,1674,2.5,0,100,0.357,558.975,1
7034,709.82,0,3800.5,0,0,0,508.02,13.138549,0.21517751,8.4446353,317.05299,0,466.88,581.39,1782,2.5,0,100,0.3332,558.885,1
7034,710.37,7.8,3771,0.32,40,60,511.13,23.2023895,0.296903175,10.7687458,276.110935,0,464.515,580.775,1864,2.5,0,100,0.0833,558.435,1
7034,713.94,7.8,3740,0.32,40,60,534.135,21.942242,0.62838148,202.95458,111.0105,0,463.995,580.295,1982.5,2.5,0,100,0.0714,558.4,1
7034,727.97,7.8,3704,0.32,40,60,562.125,17.799125,2.4105863,761.44369,193.64339,0,464.07,579.6,2124,2.5,0,100,0.119,558.29,1
7034,748.69,7.8,3570,0.32,40,60,575.875,5.6870792,8.01785025,3079.4131,756.313845,0,465.175,579.335,2267,2.5,0,100,0.6545,558.355,2
7034,766.32,7.8,3465.5,0.32,40,60,586.02,2.8432548,13.32943,5395.8671,1358.4477,0,467.665,579.43,2368,2.5,0,100,0.9163,558.59,2
8406,781.03,7.8,3409.5,0.32,40,60,595.84,2.6687369,15.174326,5966.8085,1532.4402,0,469.765,579.765,2484.5,2.5,0,100,0.952,558.71,3
8406,790.36,7.8,3516.5,0.32,40,60,604.875,2.2725303,16.5959825,6332.3593,1587.951,0,472.025,580.07,2565,2.5,0,100,1.2138,558.945,3
8406,737.16,7.8,3796.5,0.32,40,60,595.785,2.4541686,17.549511,7015.1051,1773.8229,0,474.205,580.135,2703,2.5,0,100,1.3923,559.315,3
8406,750.91,7.8,3702.5,0.32,40,60,601.72,4.35691855,18.7283775,7641.30265,2074.52655,0,477.3,580.42,2898,2.5,0,100,0.7616,558.99,3
8406,758.32,7.8,3765.5,0.32,40,60,599.835,5.7166768,19.254375,6345.8288,1588.5526,0,480.985,581.14,3127,2.5,0,100,0.833,559.255,3
8406,755.96,7.8,3566,0.32,40,60,618.295,6.1830342,18.953194,4836.5913,974.17043,0,504.19,567.72,5111.5,2.5,0,100,0.8092,562.62,2
8406,766.02,7.8,3657.5,0.32,40,60,617.96,4.73381865,18.6264455,4251.99135,960.88307,0,525.955,569.01,4914.5,2.5,0,100,0.2618,570.76,2
8406,771.92,7.8,3718.5,0.32,40,60,622.555,4.4812841,17.521885,4145.6332,1068.7215,0,530.085,570.31,4793.5,2.5,0,100,0.0119,572.52,2
8406,779.44,7.8,3713.5,0.32,40,60,627.975,3.28973405,15.913215,4538.27625,1265.41465,0,533.965,570.85,4807,2.5,0,100,0.0238,573.245,2
8406,786.16,7.8,3721.5,0.32,40,60,627.16,2.4817018,14.940963,5503.678,1692.8998,0,537.81,572.34,4798.5,2.5,0,100,0.0238,573.64,2
8406,790.82,7.8,3678,0.32,40,60,630.425,2.5864295,14.493317,5999.243,1971.0468,0,541.42,573.035,4846.5,2.5,0,100,0.0357,573.54,2
8406,795.41,7.8,3659.5,0.32,40,60,632.805,2.6340737,13.7137125,5880.62525,2096.64455,0,544.465,573.735,4897.5,2.5,0,100,0.0357,573.65,2
8406,797.41,7.8,3643,0.32,40,60,634.995,2.8559008,13.186685,5764.9157,2196.7544,0,546.495,574.355,4895,2.5,0,100,0,574.495,2
8406,801.03,7.8,3693,0.32,40,60,612.45,2.7878753,12.979907,5638.0791,2116.6274,0,548.805,574.875,5096.5,2.5,0,100,0,574.76,2
8406,806.86,16,3720,0.32,100,0,607.33,15.9107485,12.5166625,4339.98265,1420.43875,0,550.575,575.99,5049.5,2.5,0,100,-0.2142,575.345,2
8406,813.07,16,3687,0.32,100,0,626.785,22.463503,11.75685,2517.488,591.00276,0,554.995,577.52,5182,2.5,0,100,-0.2856,575.99,2
8406,831.35,16,3546,0.32,100,0,652.715,15.6444105,12.241704,2084.66305,326.024785,0,562.78,580.87,5571,2.5,0,100,-0.3094,577.765,2
8406,842.88,16,3439,0.32,100,0,667.775,12.064529,14.678346,2516.5401,431.40513,0,567.43,583.155,5815.5,2.5,0,100,-0.3213,579.295,3
8406,849.85,16,3327.5,0.32,100,0,687.47,10.283543,16.739508,2770.5344,561.59172,0,570.66,585.22,6040.5,2.5,0,100,-0.3094,580.49,4
8406,854.68,16,3250.5,0.32,100,0,714.655,8.28040285,19.3918775,3091.09995,809.68208,0,573.305,587.265,6214,2.5,0,100,-0.3332,582.16,4
8406,858.89,16,3167.5,0.32,100,0,724.04,6.2888965,22.592542,3955.7238,1256.3201,0,574.91,588.86,6302,2.5,0,100,-0.3451,583.25,5
8406,861.19,16,3135.5,0.32,100,0,744,5.0027835,25.7696195,5145.0998,2059.0248,0,576.155,589.815,6361,2.5,0,100,-0.357,584.39,5
8406,862.69,16,3106.5,0.32,100,0,744.87,4.5274756,28.289314,5928.048,2992.8918,0,576.855,590.62,6350,2.5,0,100,-0.357,585.19,6
8406,863.96,16,3056.5,0.32,100,0,751.035,4.4599553,29.611251,6065.2312,3178.8118,0,577.93,591.835,6357.5,2.5,0,100,-0.3451,586.39,6
8406,864.83,16,2993.5,0.32,100,0,758.565,4.0053724,31.1342775,6138.8984,3140.65575,0,580.135,592.895,6366.5,2.5,0,100,-0.3094,587.535,6
8406,865.96,16,2927,0.32,100,0,766.575,3.3187741,32.532353,6568.6943,3372.6852,0,583.145,594.235,6388.5,2.5,0,100,-0.3094,588.765,6
8406,866.65,16,2928.5,0.32,100,0,776.19,3.0595527,33.260303,6863.8414,3108.7358,0,582.295,594.81,6308.5,2.5,0,100,-0.2975,589.475,6
8406,867.76,16,2925,0.32,100,0,775.765,3.3384943,33.77418,6878.40645,2739.1532,0,583.89,595.355,6170,2.5,0,100,-0.2975,590.145,6
8406,869.02,16,2850,0.32,100,0,783.615,3.2565661,33.822629,6597.4208,3087.0244,0,587.06,597.32,6159.5,2.5,0,100,-0.2499,591.41,6
8406,869.5,16,2853.5,0.32,100,0,787.16,3.02790755,33.559753,6378.38535,3084.663,0,586.425,597.35,6034,2.5,0,100,-0.2499,591.85,6
8406,870.6,16,2831,0.32,100,0,786.345,2.5553656,33.565599,6508.8144,2394.8976,0,587.61,598.35,5909,2.5,0,100,-0.2499,592.615,6
8406,870.27,16,2818,0.32,100,0,790.01,2.5129513,33.783458,6712.2652,2696.7027,0,589.305,599.335,5818.5,2.5,0,100,-0.238,593.105,6
8406,871.09,16,2788,0.32,100,0,798.605,2.71037055,33.5037795,6824.9284,3363.96855,0,590.92,600.54,5749,2.5,0,100,-0.2261,594.23,6
8406,871.23,16,2788.5,0.32,100,0,794.185,2.2554253,33.199126,6694.79,2829.2846,0,592.325,601.125,5635,2.5,0,100,-0.2142,594.715,6
8406,871.82,16,2767.5,0.32,100,0,797.56,2.371122,33.23544,6680.8917,2708.7311,0,596.29,602.925,5575,2.5,0,100,-0.2142,595.9,6
8406,871.82,16,2781.5,0.32,100,0,805.08,2.45779095,33.0756535,6667.30215,3006.88165,0,596.265,603.28,5397,2.5,0,100,-0.2023,596.555,6
8406,873.01,16,2790.5,0.32,100,0,803.64,2.371122,33.036567,6547.3773,2953.7748,0,599.71,604.325,5292.5,2.5,0,100,-0.1904,597.595,6
8406,873.89,16,2741.5,0.32,100,0,811.88,2.46190045,33.235586,6371.4184,2813.1848,0,605.005,606.975,5264.5,2.5,0,100,-0.1666,599.725,6
8406,875.13,16,2719.5,0.32,100,0,817.995,2.3368281,33.338361,6227.9291,2559.6565,0,606.09,607.825,5227,2.5,0,100,-0.1666,600.42,6
8406,876.46,16,2717,0.32,100,0,814.87,2.4133355,33.391937,6147.1907,2503.5138,0,611.055,609.21,5079.5,2.5,0,100,-0.1547,601.775,6
8406,878.81,16,2695.5,0.32,100,0,820.525,2.41061795,33.2385935,5999.12155,2744.4917,0,615.615,610.895,5016.5,2.5,0,100,-0.1309,603.34,6
8406,880.77,16,2688.5,0.32,100,0,820.505,2.329059,33.129508,5860.7733,2865.7454,0,621.235,612.115,4926,2.5,0,100,-0.119,604.725,6
9774,886.54,16,2674,0.32,100,0,819.25,2.2050616,33.1795945,5748.43865,2282.5721,0,626.44,614.365,4857,2.5,0,100,-0.1071,606.61,5
9774,881.33,16,2939.5,0.32,100,0,807.245,1.929938,33.267812,5590.8515,2511.1294,0,625.565,615.185,4513.5,2.5,0,100,-0.119,606.965,5
9774,815.99,16,3113.5,0.32,100,0,803.51,2.1080237,33.402931,5544.6516,2941.9089,0,631.21,619.435,4785.5,2.5,0,100,-0.1071,611.16,5
9774,856.38,16,2938,0.32,100,0,819.235,2.64730975,33.721036,5404.5779,2916.6247,0,620.945,620.785,5278,2.5,0,100,-0.0238,613.17,4
9774,867.96,16,2843.5,0.32,100,0,823.47,2.6260691,33.796811,5452.3593,2778.1896,0,616.245,619.635,5412.5,2.5,0,100,-0.0714,612.35,4
9774,872.32,16,2764,0.32,100,0,829.7,2.53693215,33.685585,5841.7296,3170.2378,0,615.325,619.69,5545.5,2.5,0,100,-0.0595,612.875,5
9774,874.78,16,2749,0.32,100,0,830.565,2.5129513,33.553565,6048.7549,3394.4517,0,614.285,619.075,5487,2.5,0,100,-0.0714,612.755,5
9774,879.33,16,2717.5,0.32,100,0,839.565,2.371122,33.471079,6019.3023,3348.2701,0,614.37,619.17,5443,2.5,0,100,-0.0714,612.73,5
9774,883.91,16,2724,0.32,100,0,831.705,2.7834372,33.2235545,5797.5398,3004.66645,0,615.005,619.27,5282.5,2.5,0,100,-0.0714,612.995,5
9774,894.1,16,2764.5,0.32,100,0,828.4,3.3372252,32.821766,5194.9569,2373.769,1,616.475,619.545,5052.5,2.5,15,85,-0.0595,613.195,5
9774,913.63,16,2799,0.32,100,0,819.17,3.3813902,32.411499,4568.1613,2016.7181,1,624.63,621.51,4888.5,2.5,15,85,-0.0952,614.95,5
9774,934.58,16,2770.5,0.32,100,0,820.805,3.45793205,31.6014155,3820.52145,1771.44975,1,662.11,642.605,4504,2.5,15,85,0.0357,632.375,4
9774,963.14,16,2718,0.32,100,0,826.25,2.3394179,32.32489,4261.4264,2198.916,1,659.785,646.37,4579.5,2.5,15,85,1.23102723,635.685,4
9774,971.2,16,2699.5,0.32,100,0,806.565,3.1623309,35.0799805,5745.40165,3108.25955,1,661.115,648.075,4691,2.5,15,85,1.70045446,637.46,4
9774,964.21,16,2734.5,0.32,100,0,792.005,8.5048651,35.233824,4851.0637,2656.3722,1,659.455,649.475,4720.5,2.5,15,85,2.08658169,639.34,5
9774,947.33,16,2722.5,0.32,100,0,779.67,10.820533,32.393116,2772.1514,1570.9055,1,659.165,650.775,4752,2.5,15,85,2.71070892,641.03,5
9774,942.93,16,2700,0.32,100,0,797.3,11.9742135,26.9390525,520.56116,410.579755,1,659.62,652.25,4818.5,2.5,15,85,3.10873615,642.98,5
9774,941.55,16,2675.5,0.32,100,0,781.46,10.834258,24.277961,236.75915,155.30143,1,658.635,652.61,4787,2.5,15,85,3.23306338,644.15,5
9774,930.44,16,2658,0.32,100,0,791.38,10.6785566,23.2110775,214.80419,113.151535,1,656.97,652.61,4719,2.5,15,85,3.70249061,644.975,6
9774,926.56,16,2668,0.32,100,0,796.44,8.9279633,22.286524,164.20304,71.784166,1,658.605,653.63,4717.5,2.5,15,85,3.93391784,646.395,6
9774,925.57,16,2654,0.32,100,0,803.31,8.2172929,22.401789,263.65487,96.901484,1,659.935,655.475,4719.5,2.5,15,85,3.72504507,647.97,6
9774,929.91,16,2635,0.32,100,0,804.41,6.6245839,23.9261325,814.014315,301.36131,1,660.695,655.99,4732.5,2.5,15,85,3.5399723,649.185,6
9774,931.43,15,2627.5,0.29,100,0,807.725,4.6509765,25.880698,1714.3533,698.29954,1,659.175,655.66,4692,2.5,15,85,3.604799531,649.36,6
9774,930.51,15,2627.5,0.29,100,0,808.085,4.0213909,28.088483,2826.9413,1350.641,1,660.17,656.94,4696.5,2.5,15,85,4.014726761,650.64,6
9774,930.32,15,2622,0.29,100,0,812.175,3.7966324,29.8389,3585.9408,1863.5998,1,659.95,657.4,4686,2.5,15,85,3.853453991,651.275,6
9774,929.76,15,2631,0.29,100,0,813.785,4.0106792,30.027912,3577.7201,1874.7886,1,660.55,658.195,4668.5,2.5,15,85,3.894481221,652.485,6
9774,928.4,15,2633,0.29,100,0,813.65,3.78051665,30.2784885,3458.95405,1718.56975,1,661.22,658.625,4636,2.5,15,85,3.816508451,653.26,6
9774,928.35,15,2640,0.29,100,0,817.85,3.8372856,30.400815,3437.6838,1664.0035,1,661.815,658.875,4636,2.5,15,85,3.917035681,653.985,6
9774,926.62,15,2662,0.29,100,0,817.94,3.9387342,30.031446,3417.9233,1613.9807,1,662.48,659.69,4569.5,2.5,15,85,3.981862911,654.85,6
9774,925.67,15,2704,0.29,100,0,814.11,3.8190876,29.932741,3408.67505,1625.8985,1,662.02,659.735,4540,2.5,15,85,4.034790141,655.075,6
9774,927.1,15,2715,0.29,100,0,817.565,4.5636893,29.875102,3158.5631,1487.9974,1,666.205,662.495,4550,2.5,15,85,4.075817371,657.28,6
9774,929.84,15,2709,0.29,100,0,816.64,4.8222245,29.55146,2844.7638,1294.0117,1,665.755,662.735,4592.5,2.5,15,85,3.605144601,657.905,6
9774,930.4,15,2710,0.29,100,0,821.49,5.09008755,29.334076,2444.5472,1081.0489,1,666.52,663.79,4591,2.5,15,85,3.669971831,659.305,6
9774,929.03,15,2723,0.29,100,0,825.145,4.9752192,29.192415,2318.4703,1032.9755,1,665.84,664.075,4557,2.5,15,85,3.722899061,659.755,6
9774,929.25,15,2711.5,0.29,100,0,819.195,4.66614505,29.516746,2530.2674,1166.16005,1,669.3,665.655,4569,2.5,15,85,3.704426291,661.325,6
9774,931.03,15,2706.5,0.29,100,0,826.56,4.3655238,30.197143,2908.2646,1360.6231,1,669.82,666.5,4580,2.5,15,85,3.555053521,662.07,6
9774,932.08,15,2715,0.29,100,0,826.175,4.3242997,30.541581,3100.9465,1446.2592,1,669.585,666.535,4564,2.5,15,85,3.631780751,662.625,6
9774,931.11,15,2724,0.29,100,0,825.17,4.3462306,30.864203,3206.0814,1575.3063,1,670.6,667.25,4525,2.5,15,85,3.720407981,663.605,6
9774,932.92,15,2731,0.29,100,0,826.355,4.2784034,31.156708,3182.2174,1620.2788,1,670.525,667.425,4531.5,2.5,15,85,3.761435211,663.6,6
9774,933.62,15,2735.5,0.29,100,0,829.015,4.3740353,31.056294,2991.2506,1482.13905,1,671.525,668.205,4519.5,2.5,15,85,3.802462441,664.505,6
9774,933.4,15,2733.5,0.29,100,0,830.745,4.5324985,30.958718,2951.124,1415.2793,1,672.935,668.965,4490,2.5,15,85,3.783989671,665.33,6
9774,936.81,15,2719.5,0.29,100,0,829.715,4.4019551,30.924023,2889.1502,1373.1948,1,672.37,669.765,4511.5,2.5,15,85,3.765516901,666.15,6
9774,935.6,15,2714,0.29,100,0,835.28,4.555836,30.823198,2800.3691,1379.69195,1,674.17,670.57,4532,2.5,15,85,3.723244131,667.025,6
9774,933.09,15,2724.5,0.29,100,0,834.335,4.3922309,30.782062,2756.4692,1357.3894,1,674.87,671.31,4527.5,2.5,15,85,3.704771362,667.62,6
9774,933,15,2737,0.29,100,0,837.125,4.5425446,30.902341,2800.89725,1360.3232,1,675.58,671.025,4518.5,2.5,15,85,3.745798592,667.99,6
9774,931.96,15,2757,0.29,100,0,832.59,4.5890047,31.043311,2873.6892,1391.6494,1,676.985,671.535,4468,2.5,15,85,3.822525822,668.575,6
9774,932.44,15,2737,0.29,100,0,833.835,4.6412287,30.877296,2838.6244,1351.3973,1,679.12,673.235,4452.5,2.5,15,85,3.875453052,669.655,6
9774,937.18,15,2748.5,0.29,100,0,835.96,4.4648977,30.620032,2725.2916,1276.014,1,676.52,672.52,4461.5,2.5,15,85,3.773680282,669.33,6
9774,935.14,15,2745,0.29,100,0,836.25,4.5475675,30.556416,2645.0046,1260.0462,1,680.535,673.44,4457.5,2.5,15,85,3.969407512,670.24,6
9774,934.66,15,2742,0.29,100,0,835.96,4.9778283,30.612709,2575.9629,1236.8016,1,679.97,674.855,4446.5,2.5,15,85,3.903334742,671.6,6
9774,936.54,15,2736,0.29,100,0,838.03,4.5737302,30.3081905,2492.90395,1182.12545,1,680.34,674.47,4459.5,2.5,15,85,3.789661972,671.55,6
9774,937.18,15,2766.5,0.29,100,0,839.655,4.6412287,30.066534,2463.9757,1133.3989,1,679.32,674.145,4441.5,2.5,15,85,3.878289202,671.64,6
9774,935.99,15,2762.5,0.29,100,0,835.515,4.6800421,29.79055,2394.21685,1077.0823,1,680.085,674.97,4395.5,2.5,15,85,4.062116432,672.205,6
9774,938.89,15,2765.5,0.29,100,0,836.54,4.6463724,29.686586,2349.4121,1086.3486,1,680.39,674.92,4387,2.5,15,85,3.984143662,672.24,6
9774,937.91,15,2773.5,0.29,100,0,842.915,4.5687524,29.731424,2369.6779,1131.3458,1,678.975,674.68,4346.5,2.5,15,85,4.025170892,672.35,6
9774,936.77,15,2763,0.29,100,0,841.35,4.5763473,29.8552685,2376.2982,1121.11835,1,681.07,675.695,4349.5,2.5,15,85,4.006698122,673.055,6
9774,937.02,15,2772,0.29,100,0,840.325,4.5998929,29.743039,2372.9909,1081.4613,1,678.545,674.825,4337.5,2.5,15,85,3.881125352,673,5
9774,937.76,15,2775.5,0.29,100,0,841.425,4.5788788,29.560987,2328.8056,1032.0263,1,678.6,674.77,4313,2.5,15,85,3.969752582,672.8,6
9774,940.32,15,2773.5,0.29,100,0,842.295,4.64624595,29.4277335,2185.7906,966.403745,1,676.375,674.595,4311,2.5,15,85,4.010779812,672.685,6
9774,941.43,15,2792.5,0.29,100,0,836.69,4.7084378,29.382535,2098.7998,939.62938,1,675.64,673.28,4294,2.5,15,85,4.087507042,672.035,5
9774,941.24,15,2797,0.29,100,0,840.92,4.6981165,29.427922,2075.01605,933.81123,1,677.48,674.205,4270,2.5,15,85,4.223734272,672.955,5
9774,937.67,15,2817.5,0.29,100,0,833.66,5.4355226,29.039475,1849.6585,850.3579,1,677.735,674.67,4231.5,2.5,15,85,4.145761502,673.24,5
9774,938.11,15,2798,0.29,100,0,834.1,5.6871207,28.231599,1502.8201,677.7732,1,677.33,674.13,4209.5,2.5,15,85,4.186788732,673.06,6
9774,936.93,15,2785.5,0.29,100,0,834.1,5.2214888,27.1654195,1209.87735,519.36015,1,678.115,674.595,4167.5,2.5,15,85,4.334915962,673.3,5
9774,937.85,15,2778.5,0.29,100,0,837.015,4.6463724,27.210675,1491.144,656.4952,1,677.54,674.3,4152.5,2.5,15,85,4.364043192,673.19,5
9774,937.83,15,2791.5,0.29,100,0,836.11,4.532613,27.6780535,1884.47585,838.726675,1,675.695,673.615,4142.5,2.5,15,85,4.333670423,672.96,5
9774,936.71,15,2800.5,0.29,100,0,838.435,4.4138622,27.906971,2087.144,953.01212,1,676.015,674.325,4127,2.5,15,85,4.446097653,673.445,5
9774,936.44,15,2802,0.29,100,0,834.545,4.4747832,28.123645,2141.3304,992.46432,1,676.995,674.315,4118,2.5,15,85,4.499024883,673.32,5
9774,936.3,15,2790.5,0.29,100,0,835.385,4.4624267,27.9350905,2059.4811,938.873775,1,679.575,675.205,4124.5,2.5,15,85,4.432952113,674.085,5
9774,936.23,15,2795.5,0.29,100,0,833.105,4.4698407,27.948135,2012.0494,886.48655,1,677.455,674.915,4133.5,2.5,15,85,4.259779343,673.845,5
9774,936.17,15,2809.5,0.29,100,0,833.185,4.55802815,28.1511075,2027.9931,905.1226,1,674.575,674.03,4096.5,2.5,15,85,4.396006573,673.56,5
9774,936.33,15,2800,0.29,100,0,835.265,4.4040576,27.859976,1981.0763,888.38012,1,677.965,674.875,4091,2.5,15,85,4.627433803,674.19,5
9774,937.32,15,2794,0.29,100,0,836.36,4.5839419,27.770087,1973.0994,863.99813,1,678.33,675.345,4103.5,2.5,15,85,4.430461033,674.61,5
9774,937.98,15,2797.5,0.29,100,0,836.94,4.498724,27.7699395,1998.27865,866.915475,1,677.575,674.9,4106,2.5,15,85,4.400088263,674.325,5
9774,936.74,15,2783,0.29,100,0,834.57,4.423667,27.922518,2063.8856,919.71897,1,678.635,675.53,4106,2.5,15,85,4.464915493,674.41,5
9774,938.25,15,2812,0.29,100,0,834.695,4.4334719,28.056107,2075.8167,953.68202,1,671.115,672.685,4107.5,2.5,15,85,4.375042723,672.575,5
9774,940.54,15,2815,0.29,100,0,836.875,4.53435695,28.145202,2006.19535,915.367305,1,675.02,673.895,4064,2.5,15,85,4.987269953,673.385,5
9774,942.1,15,2826.5,0.29,100,0,833.67,4.4019551,28.002026,1911.6889,889.71145,1,674.005,673.05,4042.5,2.5,15,85,4.897397183,672.78,5
9774,942.77,15,2805.5,0.29,100,0,833.67,4.498724,27.802979,1894.02105,893.932835,1,675.22,674.14,4052,2.5,15,85,4.795624413,673.315,5
9774,942.38,15,2802.5,0.29,100,0,831,4.4599553,27.874338,1938.6807,894.33361,1,675.175,674.1,4072,2.5,15,85,4.562951643,673.375,5
9774,944.51,15,2822,0.29,100,0,834.6,4.397093,28.098491,2022.6281,950.5787,1,669.76,671.82,4035,2.5,15,85,4.699178873,671.7,5
9774,945.82,15,2827,0.29,100,0,824.12,4.48550785,28.126916,1992.4685,938.50882,1,668.76,671.335,4000,2.5,15,85,5.109106103,671.45,5
9774,942.87,15,2821,0.29,100,0,817.515,6.3385975,27.271793,1486.5952,701.44812,1,670.21,671.225,3961.5,2.5,15,85,5.162033333,671.08,5
9774,940.44,15,2844,0.29,100,0,813.07,6.78089425,25.29348,652.544815,318.349275,1,663.165,669.32,3945.5,2.5,15,85,4.917460563,669.92,5
9774,881.51,16,2898.5,0.32,100,0,744.64,20.846411,5.7313612,26.950098,4.9789429,1,564.725,637.65,860,2.5,15,85,-0.035430516,645.56,2
9774,881.6,16,2854.5,0.32,100,0,738.165,23.238965,2.26806005,23.944092,1.253888355,1,567.345,635.065,1011,2.5,15,85,-0.315703286,643.265,1
9774,926.19,16,2829,0.32,100,0,739.18,23.451507,4.5362193,35.629765,0.31993008,1,576.66,630.99,1782.5,2.5,15,85,-0.334176056,639.905,1
9774,910.47,16,2993,0.32,100,0,735.46,23.313943,9.9026006,35.615727,0.09301266,1,583.35,625.975,3534.5,2.5,15,85,0.444651174,638.53,2
9774,884.69,16,3004.5,0.32,100,0,749.67,23.337601,13.7300575,32.403707,0.215743215,1,615.795,637.915,3683.5,2.5,15,85,6.340478404,645.94,3
9774,906.24,16,2888.5,0.32,100,0,772.345,14.792321,13.133743,71.995742,7.6246677,1,636.195,646.025,3973,2.5,15,85,5.631805634,650,3
9774,919.21,16,2864.5,0.32,100,0,788.205,10.789337,14.572043,159.82992,25.834663,1,642.125,647.415,4070,2.5,15,85,4.911232864,650.61,4
9774,928.61,16,2857.5,0.32,100,0,796.025,6.60542945,19.9479125,1000.959455,402.39235,1,644.91,648.64,4143,2.5,15,85,4.999860094,651.3,5
9774,936.94,16,2861,0.32,100,0,795.685,5.9739942,24.492927,1939.45,823.69786,1,645.235,649.285,4186,2.5,15,85,5.028987324,651.775,5
10482,910.02,16,2998,0.32,100,0,801.105,5.7219554,26.276066,2045.2818,828.2985,1,652.43,652.42,4191,2.5,15,85,5.034314554,654.02,5
10482,862.99,16,2999,0.32,100,0,808.12,6.088126,27.381195,2113.344,767.93373,1,656.195,658.59,4719.5,2.5,15,85,4.301841784,658.185,5
10482,876.47,16,2824,0.32,100,0,819.535,6.1818217,28.362797,2385.4868,871.6331,1,643.2,655.565,5216,2.5,15,85,3.129069014,656.185,5
10482,878.99,16,2756,0.32,100,0,823.58,5.9587567,29.263986,2935.237,1187.5813,1,639.84,651.825,5345,2.5,15,85,4.288696244,653.4,6
10482,882.9,16,2680.5,0.32,100,0,828.92,5.8860039,29.617096,3202.177,1369.4862,1,639.8,651.865,5418.5,2.5,15,85,4.841423474,653.405,6
10482,889.24,16,2674.5,0.32,100,0,834.715,4.9054633,30.4812685,3713.21535,1830.4153,1,636.2,650.15,5408,2.5,15,85,4.584950704,652.08,6
10482,903.08,16,2692,0.32,100,0,829.875,3.7279414,31.449897,4555.6795,2231.2135,1,635.81,649.495,5288,2.5,15,85,5.030577934,651.625,6
10482,918.86,16,2725,0.32,100,0,833.015,2.8159616,32.168023,5224.3349,2575.3247,1,633.465,648.965,5186,2.5,15,85,5.024005164,651.16,6
10482,929.97,16,2727.5,0.32,100,0,830.285,2.9443235,33.3183705,6082.10245,2795.3154,1,636.495,650.19,5137.5,2.5,15,85,4.898432394,651.99,6
10482,931.26,16,2783,0.32,100,0,813.915,5.3754256,33.440801,5389.7109,2338.0393,1,634.41,648.81,5024.5,2.5,15,85,4.975159624,650.885,5
10482,933.6,16,2794.5,0.32,100,0,815.795,6.9014052,31.929454,3688.0184,1679.6955,1,638.88,651.155,4938,2.5,15,85,5.135186854,652.465,5
11195,907.47,16,2925.5,0.32,100,0,813.1,7.3445597,28.3869465,1364.55226,705.783865,1,638.96,651.785,4867.5,2.5,15,85,4.735914085,652.915,5
11195,871.87,16,2911.5,0.32,100,0,820.79,7.8212837,26.258652,642.05704,290.63164,1,647.085,656.785,5335.5,2.5,15,85,4.205741315,656.475,5
11195,879.32,16,2769.5,0.32,100,0,842.02,7.467951,26.707073,1207.12625,494.757985,1,645.37,655.535,5707,2.5,15,85,3.080568545,655.755,6
11195,881.9,16,2719.5,0.32,100,0,841.075,6.4386402,27.987044,2312.851,962.77121,1,641.275,653,5781.5,2.5,15,85,3.704695775,653.91,6
11195,888.84,16,2642,0.32,100,0,842.85,6.2520139,28.790898,2906.6955,1243.3351,1,642.7,653.475,5807,2.5,15,85,4.209823005,654.285,6
11195,900.72,16,2678.5,0.32,100,0,845.415,4.80477195,29.704571,3636.23105,1627.01055,1,637.9,650.69,5693.5,2.5,15,85,3.905750235,652.345,6
11195,917.31,16,2703,0.32,100,0,846.23,4.360702,30.708424,4312.8056,2019.3055,1,637.22,650.485,5595.5,2.5,15,85,4.660777465,652.16,6
11195,925.84,16,2757,0.32,100,0,848.035,4.2926276,31.10367,4423.719,2185.8083,1,635.29,649.155,5487,2.5,15,85,4.880304695,651.05,6
11195,935.31,16,2750,0.32,100,0,842.62,4.39954145,31.4682555,4194.98665,2199.1297,1,639.12,651.265,5452,2.5,15,85,4.719031925,652.46,6
11195,941.51,16,2738.5,0.32,100,0,845.38,4.5324985,31.586554,3997.3238,2031.413,1,637.175,650.33,5371,2.5,15,85,4.486359155,651.75,5
11195,938.09,16,2722.5,0.32,100,0,843.695,3.44751775,31.8503285,4094.52485,1954.7528,1,632.72,648.275,5156,2.5,15,85,5.146186385,650.03,5
11195,933.87,16,2819.5,0.32,100,0,830.255,4.0601742,31.359559,4237.5917,1990.6669,1,638.23,650.615,5061.5,2.5,15,85,5.437113615,651.69,5
11915,868.51,16,3050.5,0.32,100,0,820.425,6.9523,29.801514,3473.4156,1640.1185,1,645.795,655.055,5214.5,2.5,15,85,4.395240845,654.94,5
11915,873.83,16,2840,0.32,100,0,831.175,8.33190825,26.977601,1586.20825,785.961055,1,650.52,657.81,5869.5,2.5,15,85,3.198668075,656.945,5
11915,877.14,16,2755,0.32,100,0,833.355,8.4981492,25.133549,882.6781,343.02279,1,648.575,655.805,6087.5,2.5,15,85,2.965995305,655.62,6
11915,879.59,16,2704.5,0.32,100,0,844.19,8.376314,24.79871,1007.8029,334.97451,1,646.745,654.565,6184,2.5,15,85,3.851922535,654.655,6
11915,882.97,16,2663.5,0.32,100,0,850.345,6.89129115,25.346847,1580.7233,570.619545,1,648.56,654.865,6193.5,2.5,15,85,3.988149765,654.905,6
11915,891.17,16,2647.5,0.32,100,0,849.69,5.339336,26.779186,2607.1161,1062.3319,1,648.205,654.945,6179,2.5,15,85,3.874476995,655.07,6
11915,901.56,16,2670.5,0.32,100,0,853.34,4.9470811,27.939251,3310.7212,1553.9646,1,647.4,654.385,6080,2.5,15,85,4.058304225,654.835,6
11915,911.56,16,2693.5,0.32,100,0,850.16,4.68017435,29.0503685,3970.44105,1921.5186,1,646.5,654.46,5996.5,2.5,15,85,4.099331455,654.845,6
11915,923.41,16,2710.5,0.32,100,0,850.165,4.7033682,29.779296,4088.6276,1902.3526,1,645.645,653.64,5937,2.5,15,85,4.247458685,654.3,6
11915,929.26,16,2705,0.32,100,0,848.75,4.64883465,30.381655,3925.4664,1950.35,1,646.8,654.985,5956,2.5,15,85,4.264685915,655.16,5
11915,930.47,16,2712.5,0.32,100,0,852.55,4.6515158,30.597944,3787.6587,1883.25,1,648.63,656.815,5951,2.5,15,85,3.865413146,656.505,5
11915,929.17,16,2737.5,0.32,100,0,855.175,4.7551247,30.617197,3784.849,1778.1653,1,650.2,657.705,5881.5,2.5,15,85,3.739840376,657.385,5
11915,932.76,16,2763,0.32,100,0,849.97,4.8198747,30.673887,3723.43665,1834.13005,1,651.845,658.41,5809,2.5,15,85,3.614267606,657.965,5
11915,935.32,16,2779.5,0.32,100,0,855.23,5.0140296,30.495233,3512.1321,1759.8643,1,652.085,659.63,5780,2.5,15,85,3.738594836,659.11,5
11915,936.94,16,2791,0.32,100,0,855.535,5.04885755,30.236227,3282.8012,1587.4212,1,653.89,660.43,5698,2.5,15,85,3.577322066,659.79,5
11915,936.05,16,2792.5,0.32,100,0,854.83,5.0502196,29.941852,3217.0189,1507.9929,1,655.525,661.665,5725.5,2.5,15,85,3.558849296,661.005,5
11915,935.88,16,2758.5,0.32,100,0,857.205,4.9778283,29.838896,3199.1554,1473.9787,1,658.9,664.215,5723.5,2.5,15,85,3.290476526,663.18,5
11915,937.63,16,2774.5,0.32,100,0,859.28,4.88727605,29.844046,3280.7862,1503.03705,1,658.53,664.31,5695,2.5,15,85,3.045903756,663.44,5
11915,938.26,16,2807.5,0.32,100,0,860.34,5.0613879,29.892788,3330.4922,1579.3111,1,658.76,664.75,5631.5,2.5,15,85,3.324930986,663.89,5
11915,938.75,16,2809.5,0.32,100,0,859.13,5.0084853,29.977199,3248.9887,1488.5247,1,660.235,666,5577.5,2.5,15,85,3.413558216,664.89,5
11915,936.56,16,2813.5,0.32,100,0,862.795,5.0669724,30.0489015,3156.4618,1524.7176,1,662.295,667.495,5573.5,2.5,15,85,3.311785446,666.335,5
11915,938.2,16,2815,0.32,100,0,860.75,5.0084853,29.933776,3150.2851,1639.0713,1,661.905,667.725,5530.5,2.5,15,85,3.245712676,666.595,5
11915,937.03,16,2824.5,0.32,100,0,859.51,4.9832873,29.642856,3048.7853,1537.4604,1,663.305,669.34,5520.5,2.5,15,85,3.298639906,668.335,5
11915,934.33,16,2808,0.32,100,0,858.645,4.9325143,29.655489,2956.4,1504.3401,1,665.29,671.025,5531,2.5,15,85,3.161167136,669.58,5
11915,937.81,16,2803,0.32,100,0,862.195,5.0222977,29.592671,2889.1745,1498.8799,1,667.05,671.195,5546.5,2.5,15,85,3.071294366,669.81,5
11915,934.76,16,2824.5,0.32,100,0,860.805,5.1073228,29.7289515,2857.46045,1463.5868,1,666.63,672.39,5513.5,2.5,15,85,3.171821596,671.205,5
11915,936.64,16,2825,0.32,100,0,862.135,5.0558039,29.567843,2814.9035,1403.1592,1,666.955,672.735,5490,2.5,15,85,3.177148826,671.62,5
11915,937.98,16,2816,0.32,100,0,865.71,5.17013,29.384136,2754.3951,1326.6993,1,668.21,673.775,5499,2.5,15,85,3.194376056,672.415,5
11915,937.23,16,2837.5,0.32,100,0,866.77,5.1016497,29.2411095,2705.31745,1320.95985,1,668.65,673.655,5475.5,2.5,15,85,3.235403286,672.645,5
11915,936.33,16,2833,0.32,100,0,863.17,5.2425694,29.295977,2749.7786,1359.0021,1,669.46,675.255,5458.5,2.5,15,85,3.324030516,673.84,5
11915,934.04,16,2841.5,0.32,100,0,867.92,5.2216963,29.2264645,2771.1439,1356.0121,1,669.91,676.115,5439.5,2.5,15,85,3.257957746,674.785,5
11915,934.43,16,2847,0.32,100,0,863.245,5.1833784,29.209819,2732.4957,1362.2757,1,670.71,676.51,5413.5,2.5,15,85,3.251384977,675.53,5
11915,935.09,16,2824,0.32,100,0,865.025,5.1225652,29.334884,2739.6019,1434.5992,1,673.455,677.65,5449.5,2.5,15,85,3.280512207,676.445,5
11915,935.88,16,2846.5,0.32,100,0,866.795,5.14632775,29.1323895,2695.5933,1386.0634,1,670.56,677.8,5386,2.5,15,85,3.273939437,676.77,5
11915,935.93,16,2871,0.32,100,0,868.35,5.2425694,29.071867,2684.0057,1295.4564,1,671.18,678.08,5341.5,2.5,15,85,3.338766667,677.065,5
11915,936.62,16,2857,0.32,100,0,869.48,5.3659042,29.186647,2626.69695,1276.88805,1,671.53,678.655,5355.5,2.5,15,85,3.415493897,677.69,5
11915,934.71,16,2817.5,0.32,100,0,865.695,5.2599225,29.019054,2552.3761,1237.3198,1,674.785,680.775,5408,2.5,15,85,3.397021127,679.515,5
11915,936.29,16,2847.5,0.32,100,0,864.745,5.1145202,28.949909,2575.2265,1236.973,1,673.105,680.17,5361.5,2.5,15,85,3.342848357,679.185,5
11915,936.39,16,2871.5,0.32,100,0,867.13,5.33259015,29.0156395,2577.9692,1242.7536,1,672.93,680.22,5341.5,2.5,15,85,3.419575587,679.15,5
11915,935.87,16,2849,0.32,100,0,865.415,5.2680504,28.615604,2492.4374,1183.7408,1,675.135,681.72,5347,2.5,15,85,3.472502817,680.39,5
11915,934.25,16,2873,0.32,100,0,868.105,5.3717825,28.445635,2498.68545,1201.7534,1,674.1,681.65,5311,2.5,15,85,3.465930047,680.275,5
11915,933.88,16,2841,0.32,100,0,866.55,5.4174867,28.487104,2493.4963,1272.7899,1,676.35,683.565,5341,2.5,15,85,3.471257277,682.205,5
11915,933.82,16,2853.5,0.32,100,0,866.14,5.26358255,28.38667,2520.2311,1230.44575,1,675.725,683.36,5318,2.5,15,85,3.500384507,681.75,5
11915,934.36,16,2872,0.32,100,0,864.64,5.4051452,28.493942,2514.6734,1185.456,1,675.945,683.505,5311,2.5,15,85,3.470011737,681.97,5
11915,933.35,16,2885,0.32,100,0,864.79,5.4174513,28.343883,2439.7523,1137.9649,1,675.555,683.44,5238.5,2.5,15,85,3.511038967,681.83,5
11915,935.33,16,2885.5,0.32,100,0,868.805,5.4505794,28.3259525,2370.10195,1112.96545,1,675.465,683.76,5245,2.5,15,85,3.540166197,682.1,5
11915,933.76,16,2867.5,0.32,100,0,869.33,5.4776887,28.513605,2372.2939,1096.1171,1,676.34,684.495,5236,2.5,15,85,3.545493427,682.87,5
11915,931.93,16,2908,0.32,100,0,863.935,5.42345175,28.689112,2445.59215,1108.01795,1,671.51,682.57,5155,2.5,15,85,3.634120657,680.985,5
11915,935.39,16,2892,0.32,100,0,869.035,5.5501882,28.669244,2372.1267,1117.869,1,674.105,684.11,5162,2.5,15,85,3.603747887,682.32,5
11915,933.2,16,2874.5,0.32,100,0,865.665,5.7375411,28.62058,2307.1612,1121.8508,1,672.04,683.63,5181,2.5,15,85,3.692375117,681.6,5
11915,935.3,16,2890.5,0.32,100,0,872.21,5.60998625,28.5625415,2254.41055,1112.53095,1,670.26,683.095,5147,2.5,15,85,3.626302347,681.36,5
11915,934.08,16,2871.5,0.32,100,0,868.65,5.4776887,28.474352,2283.1654,1105.7624,1,670.425,683.135,5180,2.5,15,85,3.643529577,681.035,5
11915,935.36,16,2891.5,0.32,100,0,864.12,5.39676395,28.4458185,2342.74035,1165.283,1,669.375,682.4,5151.5,2.5,15,85,3.684556808,680.49,5
11915,936.57,16,2906,0.32,100,0,867.725,5.4294542,28.45465,2344.9151,1199.5624,1,670.36,682.75,5127.5,2.5,15,85,3.677984038,680.48,5
11915,935.47,16,2885.5,0.32,100,0,866.19,5.6040921,28.40685,2339.0432,1166.2445,1,670.09,683.415,5160,2.5,15,85,3.707111268,681.405,5
11915,935.58,16,2868.5,0.32,100,0,867.095,5.6100944,28.1819655,2346.6029,1122.9557,1,673.055,683.87,5172,2.5,15,85,3.783838498,681.875,5
11915,935.64,16,2877.5,0.32,100,0,866.92,5.4354383,28.079368,2319.9458,1083.8317,1,669.585,683.155,5151.5,2.5,15,85,3.777265728,681.065,5
11915,938.4,16,2871,0.32,100,0,867.525,5.67612255,28.0461095,2271.0833,1075.72315,1,672.35,683.605,5177,2.5,15,85,3.818292958,681.705,5
11915,936.32,16,2887.5,0.32,100,0,865.24,5.6588524,28.135953,2306.594,1168.1628,1,672.805,683.565,5157,2.5,15,85,3.871220188,681.54,5
11915,934.16,16,2902.5,0.32,100,0,860.455,5.6588524,28.18888,2289.4377,1179.2361,1,673.33,684.01,5141,2.5,15,85,3.947947418,681.84,5
11915,934.98,16,2922,0.32,100,0,864.99,6.03313005,27.812313,2026.06205,1034.22408,1,671.11,683.43,5124,2.5,15,85,3.965174648,681.415,5
11915,936.85,16,2896,0.32,100,0,865.825,6.2161132,27.174058,1705.5392,811.73087,1,672.89,684.21,5150,2.5,15,85,4.041901878,681.95,5
11915,936.89,16,2927.5,0.32,100,0,868.21,6.0497644,27.163334,1660.193,775.33429,1,670.48,683.135,5118.5,2.5,15,85,4.130529108,681.34,5
11915,938.5,16,2896,0.32,100,0,870.635,5.22014815,27.823093,1938.69415,978.764705,1,673.68,684.68,5149.5,2.5,15,85,4.231056338,682.515,5
11915,937.43,16,2904,0.32,100,0,869.465,4.8072642,29.345821,2799.0791,1553.333,1,671.29,684.44,5109,2.5,15,85,4.379183568,682.35,5
12619,938.01,16,2913.5,0.32,100,0,869.655,5.13123425,30.1273445,3096.79965,1710.8517,1,669.795,683.855,5108,2.5,15,85,4.408310798,681.915,5
12619,928.66,16,3149.5,0.32,100,0,864.985,5.4234701,29.805311,2774.5541,1400.1102,1,670.42,684.275,5329.5,2.5,15,85,4.449338028,682.015,5
12619,866.96,16,2847.5,0.32,100,0,870.505,5.8204693,29.558049,2692.747,1220.7186,1,669.72,683.275,6088,2.5,15,85,4.526065258,680.555,5
12619,879.79,16,2750.5,0.32,100,0,880.25,5.56794,29.7799755,3175.1265,1364.64285,1,663.73,679.52,6251,2.5,15,85,4.352892488,677.51,5
12619,883.82,16,2756,0.32,100,0,875.705,5.4896897,29.952824,3946.2887,1762.0639,1,656.035,675.55,6201.5,2.5,15,85,4.084519718,674.53,6
12619,887.88,16,2752,0.32,100,0,877.59,5.27294735,29.888221,4143.72945,1881.266,1,654.075,673.44,6110,2.5,15,85,4.292146948,672.855,6
12619,896.1,16,2741.5,0.32,100,0,874.44,5.2599225,29.619823,3927.8843,1786.7993,1,652.53,672.19,6072.5,2.5,15,85,4.773474178,671.535,6
12619,909.83,16,2806.5,0.32,100,0,877.835,5.2178443,29.450603,3738.9759,1728.0089,1,649.105,669.79,5962.5,2.5,15,85,4.743101408,669.59,6
12619,917.92,16,2799.5,0.32,100,0,873.875,5.30566355,29.3473335,3529.73285,1712.16795,1,651.54,670.02,5958.5,2.5,15,85,5.057828638,669.4,5
12619,925.05,16,2823.5,0.32,100,0,873.5,5.471665,29.376062,3325.9171,1598.2825,1,648.92,669.305,5908,2.5,15,85,5.027455869,668.83,5
12619,930.4,16,2798,0.32,100,0,873.12,5.387313,29.369158,3229.951,1508.4619,1,651.295,670.155,5862,2.5,15,85,5.104183099,669.305,5
12619,933.6,16,2799,0.32,100,0,877.31,5.36592115,29.4211695,3231.39445,1538.1655,1,652.35,670.05,5846.5,2.5,15,85,5.085710329,669.295,5
13333,937.13,16,2955,0.32,100,0,867.73,5.2063553,29.624859,3346.4683,1740.161,1,649.88,669.06,5762,2.5,15,85,4.864937559,668.51,5
13333,898.14,16,2914,0.32,100,0,875.11,5.5888457,29.57181,3363.9296,1733.15895,1,656.22,671.885,6342.5,2.5,15,85,5.096364789,670.415,5
13333,875.54,16,2772,0.32,100,0,886.35,5.8268914,29.574721,3636.8788,1663.6896,1,653.35,670.21,6693,2.5,15,85,4.923192019,668.995,5
13333,881.8,16,2719.5,0.32,100,0,879.605,5.6588524,29.624671,4085.246,1778.7805,1,649.715,668.23,6766,2.5,15,85,4.262119249,667.74,6
13333,884.17,16,2706.5,0.32,100,0,876.56,5.63776115,29.765003,4524.5175,1926.7293,1,647.02,666.43,6727.5,2.5,15,85,4.517346479,666.385,6
13333,889.33,16,2717.5,0.32,100,0,873.105,5.4354383,29.535268,4442.6076,2054.2317,1,645.44,664.665,6597.5,2.5,15,85,4.772573709,665.155,6
13333,901.24,16,2745.5,0.32,100,0,879.305,5.3806641,29.339435,4189.7194,2068.2968,1,646.075,664.18,6521.5,2.5,15,85,5.015900939,664.815,6
13333,909.53,16,2770.5,0.32,100,0,876.905,5.41731985,29.200358,3815.09435,1863.13125,1,647.26,663.72,6440,2.5,15,85,4.926028169,664.285,6
13333,918.75,16,2774.5,0.32,100,0,876.315,5.5018167,29.046375,3525.6972,1632.506,1,647.01,663.815,6375.5,2.5,15,85,4.967055399,664.305,5
13333,928.32,16,2784,0.32,100,0,875.94,5.3777123,29.1328715,3311.0925,1576.3871,1,648.015,664.07,6370.5,2.5,15,85,4.889082629,664.28,5
13333,932.8,16,2802,0.32,100,0,879.07,5.3278737,29.066342,3238.4355,1632.7469,1,649.33,664.78,6368.5,2.5,15,85,4.858709859,664.785,5
13333,934.09,21,2797,0.4,100,0,876.725,5.471665,29.1129,3329.5445,1695.0858,1,654.425,669.195,6715,2.5,30,70,4.792637089,668.665,5
13333,923.34,21,2746.5,0.4,100,0,875.385,5.8953422,28.9317005,3155.52255,1529.1662,1,665.875,676.64,6499,2.5,30,70,6.297364319,673.705,5
13333,926.54,21,2780.5,0.4,100,0,877.485,5.6288249,28.850906,3109.9866,1486.3404,1,663.055,673.57,6609,2.5,30,70,14.00199155,671.595,6
13333,925.8,21,2750,0.4,100,0,872.18,5.8333135,28.818915,3212.915,1557.183,1,666.725,676.08,6610,2.5,30,70,18.92201878,673.48,6
13333,926.69,21,2970,0.4,100,0,863.795,5.86421425,28.7884055,3100.0872,1457.3684,1,665.845,676.625,6762,2.5,30,70,19.60564601,674.2,6
13333,929.05,21,3066,0.4,100,0,853.355,13.202568,27.877501,2382.917,1130.3905,1,671.01,681.075,7104.5,2.5,30,70,19.84897324,677.585,6
13333,933.53,21,3047.5,0.4,100,0,868.885,14.919745,25.6027435,990.58374,508.99511,1,671.56,681.545,7182.5,2.5,30,70,18.59290047,678.365,6
13333,938.83,21,3055,0.4,100,0,874.565,13.535528,24.562848,364.33572,209.87998,1,669.715,680.45,7454,2.5,30,70,18.6220277,677.675,6
13333,942.64,21,3196.5,0.4,100,0,863.32,12.205882,25.210948,599.39145,254.15777,1,661.215,681.205,8917.5,2.5,30,70,19.55555493,680.97,6
13333,890.61,21,3366.5,0.4,100,0,858.335,13.2789595,25.726443,652.612215,261.49846,1,669.855,688.265,7515.5,2.5,30,70,18.72788216,689.35,6
13333,862.97,21,3363.5,0.4,100,0,852.945,13.202568,24.240038,348.6203,159.11453,1,672.38,687.925,7584.5,2.5,30,70,12.23580939,688.78,6
13333,858.62,21,3215,0.4,100,0,874.305,13.371139,23.114041,207.66875,96.199112,1,683.575,687.49,6791,2.5,30,70,5.33913662,689.085,6
13333,853.72,21,3183.5,0.4,100,0,872.405,8.24350885,23.47951,751.48637,361.6839,1,684.675,687.87,6487.5,2.5,30,70,4.70186385,689.81,6
13333,853.32,21,3122.5,0.4,100,0,874.65,7.0778266,24.26272,1545.14,745.93856,1,682.595,678.96,5875.5,2.5,30,70,5.21889108,680.6,5
13333,858.43,21,3046.5,0.4,100,0,885.485,5.9548777,24.5615865,2067.2114,988.452955,1,674.4,668.865,5580,2.5,30,70,4.95051831,669.35,5
13333,874.07,21,3074,0.4,100,0,873.285,4.7292865,25.891562,2911.3953,1910.8518,1,671.435,667.055,5456.5,2.5,30,70,1.17164554,667.28,5
13333,895.79,21,3171.5,0.4,100,0,846.875,5.5018167,27.219044,3370.3582,2224.667,1,671.205,665.97,5294,2.5,30,70,0.26067277,665.885,4
13333,916.97,21,3156,0.4,100,0,799.545,9.11082075,27.057242,2376.17685,1543.0214,1,669.2,664.275,4699,2.5,30,70,0.1232,663.825,4
